﻿<?xml version="1.0" encoding="utf-8"?>
<powertime>
		<desensitize id="001" type="ip_2" left="2" title="IP地址脱敏,保留前2字段"/>
		<desensitize id="002" type="ip_3" left="3" title="IP地址脱敏,保留前2字段"/>
		<desensitize id="003" type="mac_3" left="3" replace="00" title="硬件mac脱敏,保留前3字段"/>
		<desensitize id="004" type="mac_4" left="4" replace="00" title="硬件mac脱敏,保留前4字段"/>
		<desensitize id="005" type="mac_5" left="5" replace="00" title="硬件mac脱敏,保留前5字段"/>
		<desensitize id="006" type="mail" left="2" isLeft="no" title="邮件脱敏，保留用户名前2个字符"/>
		<desensitize id="007" type="name" left="1" title="姓名脱敏，保留姓"/>
		<desensitize id="008" type="phone" left="3" right="3" title="手机号脱敏，前后保留3位"/>
</powertime>
