﻿<?xml version="1.0" encoding="utf-8"?>
<powertime>
	<verify id="noEmpty" min="1" title="必须存在"/>
	<verify id="000" min="1" title="非空"/>
	<verify id="001" min="0" max="32" type="int" title="子网掩码:[0-32]"/>
	<verify id="100" type="int" min="50" max="100" pattern="[0-9]+" title="检测"/> 
	<verify id="101" min="8" max="20" pattern="[a-zA-Z]+"/>
	<verify id="102" min="8" max="20" notPattern="[a-zA-Z]+"/>
	<verify id="103" format="select account From sys_user Where account='%s'" retRows="0" title="用户" errMsg="存在"/>
	<verify id="104" format="select name From role Where name='%s'" retRows="0" title="角色名称" errMsg="存在"/>
	<verify id="105" type="int" min="1" max="65535" pattern="[0-9]+" title="端口" />
	<verify id="106" type="string" min="7" max="15" pattern="^(((0|[1-9]{1}|[1-9]{1}[0-9]{1}|1[0-9]{2}|2[0-4][0-9]|25[0-5])\.){3}(0|[1-9]{1}|[1-9]{1}[0-9]{1}|1[0-9]{2}|2[0-4][0-9]|25[0-5]))$" title="IP地址" />	
	<verify id="107" format="select code From audit_item Where count='%s'" retRows="0" title="控制项编码" errMsg="存在"/>
	<verify id="108" type="int" min="1" max="99" title="审计角色"/>
	<verify id="109" type="int" min="100" title="被审计角色"/>
	<verify id="110" format="select value from auto_content where type=3 AND value=%s" retRows="0" title="类型值" errMsg="重复"/> 
	<verify id="111" format="select value from auto_content where type=0 AND value=%s" retRows="0" title="类型值" errMsg="重复"/> 
	<verify id="112" format="select value from auto_content where type=1 AND value=%s" retRows="0" title="类型值" errMsg="重复"/> 
	<verify id="113" format="select value from auto_content where type=2 AND value=%s" retRows="0" title="类型值" errMsg="重复"/> 
    <verify id="114" format="select value from auto_content where type=5 AND value=%s" retRows="0" title="类型值" errMsg="重复"/> 
    <verify id="115" format="select value from auto_content where type=4 AND value=%s" retRows="0" title="类型值" errMsg="重复"/> 
</powertime>
